,x,y,Category,Word,Book
0,-18.182987,-21.067402,7,feelings,Buddhist
1,23.062016,-26.539265,7,anger,Tao
2,-6.8891993,2.9875355,4,open,Both
3,23.199852,-26.584093,7,rage,Tao
4,1.9208845,-13.001882,9,illumination,Buddhist
5,9.870085,21.517883,5,tell,Both
6,2.3266957,11.554934,5,neither,Both
7,24.626951,-4.7701726,1,soft,Tao
8,4.636039,5.894382,5,mentally,Buddhist
9,-32.925293,-9.418796,2,land,Both
10,-18.779398,2.2871494,3,guest,Tao
11,7.940863,-0.10713335,1,visible,Buddhist
12,4.035576,-15.797387,9,separateness,Buddhist
13,13.128225,22.473787,4,let,Both
14,2.6119604,9.655926,5,something,Tao
15,-3.5015774,3.1008627,6,ends,Both
16,18.482231,-21.453005,7,affliction,Buddhist
17,36.41616,-7.424953,2,winds,Buddhist
18,-0.1025485,-9.788528,8,origination,Buddhist
19,15.193243,0.5918616,1,great,Both
20,23.191544,12.170994,4,embrace,Tao
21,3.3051517,41.121864,0,came,Tao
22,21.910902,-10.270563,1,violent,Tao
23,18.835094,-5.809698,1,joyful,Buddhist
24,18.947268,0.68034333,1,idle,Buddhist
25,1.8745592,-5.4048257,8,succession,Buddhist
26,21.377447,-27.942533,9,joy,Buddhist
27,-24.975714,-18.284246,5,thus,Both
28,27.441908,34.96225,4,gives,Tao
29,21.502304,4.814683,1,skillful,Buddhist
30,30.303413,16.871319,4,play,Buddhist
31,-0.46219316,22.803213,7,afflicted,Buddhist
32,26.55942,24.756464,4,leave,Tao
33,-1.1592673,35.553146,0,appeared,Tao
34,-6.336218,33.148594,0,ended,Buddhist
35,22.367111,32.74779,4,rises,Both
36,-6.935997,38.77247,0,asked,Buddhist
37,8.727985,-29.862883,9,victory,Tao
38,-1.7441789,12.746774,4,abandoning,Buddhist
39,4.3734446,13.113802,5,although,Tao
40,-1.957338,27.593895,0,connected,Buddhist
41,-27.876818,4.1965055,3,kings,Tao
42,-14.500979,11.861536,6,short,Buddhist
43,-27.508448,5.4400187,3,ruler,Tao
44,1.8683234,-10.705553,9,reconciliation,Tao
45,4.7286577,-37.031868,2,heap,Tao
46,11.285715,-1.5434607,1,common,Both
47,27.6712,38.79659,4,seeks,Tao
48,24.938124,34.60161,4,brings,Tao
49,-1.1594685,38.30405,0,looked,Tao
50,-25.700008,-11.486701,8,places,Tao
51,4.6595707,-19.558403,9,spiritual,Tao
52,-8.161819,-27.402597,3,animal,Tao
53,4.6835546,43.022823,0,sat,Buddhist
54,30.25624,16.440771,4,work,Tao
55,15.366703,9.135645,5,lot,Tao
56,1.4444525,-4.1669364,4,overthrow,Tao
57,-32.76462,-9.524734,2,lands,Both
58,6.894341,36.267914,2,rose,Tao
59,2.701457,25.844416,0,honoured,Tao
60,3.3937936,-33.79822,9,reward,Both
61,-32.85375,-22.921532,6,past,Buddhist
62,6.0275517,-28.23051,9,excellence,Tao
63,7.0030413,18.435675,5,think,Both
64,15.658345,41.891396,0,arose,Buddhist
65,-10.075832,15.431317,2,resting,Both
66,26.047466,34.83902,4,takes,Both
67,11.555781,-19.378572,7,delusion,Both
68,20.777386,-20.619335,7,disorder,Tao
69,-42.45693,0.92225355,2,intestines,Buddhist
70,3.323496,-8.813577,7,withdrawal,Buddhist
71,-2.4617746,-41.216087,1,high,Both
72,-8.890684,10.695343,6,out,Buddhist
73,7.359496,-4.91866,1,dependent,Buddhist
74,7.6905627,6.672967,5,easily,Tao
75,18.174555,-23.457556,7,stress,Buddhist
76,-4.663296,11.848027,4,keep,Tao
77,11.7064295,2.7960496,5,better,Tao
78,-16.258018,-6.0053396,8,aggregates,Buddhist
79,17.998854,-4.34434,1,pleasant,Buddhist
80,-17.68441,0.45563194,3,driver,Buddhist
81,-12.007363,-11.499099,1,full,Both
82,22.808434,39.41159,5,knows,Both
83,7.706539,-22.28662,9,spirit,Tao
84,34.75168,-18.449654,8,root,Tao
85,-11.115898,-5.834751,8,channel,Tao
86,-36.800537,-5.8721557,3,food,Both
87,35.04376,-1.4798716,4,burn,Tao
88,10.48832,-8.5057955,1,equanimous,Buddhist
89,-5.874187,-14.856225,8,purpose,Tao
90,16.794607,24.719625,8,goal,Buddhist
91,18.629309,-22.505342,7,distress,Buddhist
92,-5.65074,-17.244066,8,advantage,Tao
93,2.3928933,-24.76157,9,vigour,Tao
94,-2.9887629,-14.397151,8,condition,Both
95,-27.336681,-4.233854,3,creatures,Both
96,31.749071,11.75463,4,live,Tao
97,-6.4747944,-17.048105,8,measure,Tao
98,-10.148991,-3.486631,8,position,Tao
99,-10.937503,-15.411531,8,practice,Both
100,5.1936994,-14.405375,9,contemplation,Buddhist
101,-22.617954,-30.836329,2,net,Tao
102,28.303232,21.713665,4,bound,Both
103,16.247082,13.375623,5,thou,Tao
104,-40.47885,-4.383153,2,blood,Buddhist
105,1.3848,1.0762157,4,complete,Both
106,11.604822,-12.455607,1,excessive,Tao
107,8.369832,13.194687,5,surely,Tao
108,-4.354741,-11.350981,8,analysis,Buddhist
109,3.834874,-8.662983,9,cessation,Buddhist
110,-15.247837,-17.890093,8,thing,Both
111,-3.156482,-12.547835,8,correction,Tao
112,18.417393,-29.66478,7,greed,Buddhist
113,-1.2703859,28.807089,0,classified,Buddhist
114,-4.3918443,25.668877,0,sustained,Buddhist
115,-5.2053986,19.909672,5,err,Tao
116,22.810997,-30.779882,7,mourn,Tao
117,10.759138,28.19733,0,ceased,Tao
118,-24.787205,-12.594713,8,kinds,Buddhist
119,-1.472345,-30.627106,9,quality,Both
120,38.006428,6.9906096,4,gain,Tao
121,27.461298,5.599494,7,perish,Tao
122,20.414194,-6.56192,1,luminous,Buddhist
123,0.9017999,-18.133598,9,attention,Both
124,0.73001486,-14.422988,7,stressfulness,Buddhist
125,1.1675522,-1.4096414,3,ancients,Tao
126,4.8232884,-13.803,3,contemplatives,Buddhist
127,13.57212,34.517487,0,becoming,Both
128,-21.140951,-9.816206,9,qualities,Both
129,-11.384301,3.8737168,6,centre,Tao
130,19.392136,10.50357,5,perceive,Buddhist
131,-31.044945,-3.8059042,3,birds,Tao
132,3.0933468,31.565268,0,possessed,Both
133,22.698484,39.418747,5,thinks,Tao
134,-12.813172,4.758919,6,side,Both
135,-32.719467,-2.9669068,2,plant,Both
136,5.63255,-2.8944519,2,remnant,Buddhist
137,-6.258109,6.9142,6,forward,Both
138,2.1067867,29.72926,0,realized,Buddhist
139,-8.502964,-37.10617,1,real,Tao
140,-27.604055,-7.279766,3,vessels,Tao
141,-6.51274,15.448689,4,carrying,Buddhist
142,-23.938215,-8.813139,8,objects,Tao
143,0.27188087,-7.818639,9,onepointedness,Buddhist
144,13.943045,-17.064396,7,sudden,Tao
145,-3.1923103,35.89667,0,named,Tao
146,-30.092482,-24.057981,6,fourth,Buddhist
147,-27.472858,-28.487179,6,rest,Tao
148,15.4579115,1.0330113,1,good,Both
149,-36.6521,-3.0626307,2,grain,Buddhist
150,-10.987256,-9.595116,8,method,Both
151,14.434603,9.445232,5,much,Tao
152,-9.092744,-9.139409,8,property,Both
153,32.360504,-10.144961,2,sky,Tao
154,-42.368862,0.44843593,2,tendons,Buddhist
155,20.359715,-21.894613,7,famine,Tao
156,-45.153397,-0.74426544,2,mouth,Tao
157,-22.279795,2.8816793,3,child,Tao
158,-2.4650788,-14.900154,8,conditions,Tao
159,35.43687,23.603334,4,pay,Buddhist
160,-25.135391,-4.3242292,3,horses,Both
161,-35.648697,-24.022934,6,day,Both
162,0.49439514,15.250311,0,speaking,Tao
163,25.327408,33.76251,4,turns,Both
164,-28.373196,-27.248411,6,whole,Both
165,-19.229567,-12.299588,3,chief,Tao
166,-0.62571114,-10.760271,9,universal,Tao
167,34.71701,-2.9491067,2,fire,Buddhist
168,25.094486,11.195314,4,resolve,Buddhist
169,-7.594503,-28.845,2,body,Both
170,-35.15543,5.276623,2,robe,Buddhist
171,19.708254,30.618954,4,leaves,Both
172,-15.187725,-15.516363,8,reason,Tao
173,5.744357,8.376887,5,suddenly,Tao
174,-39.209896,4.1373,2,white,Both
175,-36.17808,-20.722261,6,times,Tao
176,7.920393,11.898172,5,simply,Both
177,0.28772262,-16.157688,9,dependence,Buddhist
178,-17.386507,-38.605736,8,laws,Tao
179,-24.494886,-8.708299,8,frames,Buddhist
180,-30.22206,-24.230885,6,third,Both
181,8.3467865,-24.732061,9,harmony,Tao
182,-10.243763,-23.512756,9,breathing,Buddhist
183,-0.37770072,5.0260477,4,permeates,Buddhist
184,-6.737544,-22.017233,8,choice,Tao
185,-3.8360014,23.011574,0,unpervaded,Buddhist
186,-33.440407,-20.54833,6,morning,Tao
187,-1.2332991,16.108498,4,showing,Tao
188,-5.317089,23.907402,0,enlarged,Buddhist
189,-16.473732,-37.762474,8,rule,Tao
190,27.04274,33.63653,4,sends,Tao
191,-14.419039,-30.226149,8,force,Tao
192,-23.95428,3.6543684,3,fathers,Buddhist
193,-37.117035,0.39937416,2,clay,Both
194,26.836988,-5.296382,1,dry,Tao
195,-8.224605,-10.488034,8,affairs,Tao
196,4.984978,-25.666395,9,grace,Tao
197,2.9795177,22.420954,0,despised,Tao
198,1.8577478,14.725679,5,considering,Tao
199,3.359999,39.546772,0,moved,Tao
200,-17.328619,15.532072,9,therewith,Tao
201,7.893338,-29.085028,9,success,Tao
202,5.3682375,-20.163162,9,sensuality,Buddhist
203,10.260078,12.672029,5,still,Both
204,2.3326874,-23.232975,9,composure,Buddhist
205,18.933943,1.9277313,1,empty,Both
206,29.329552,17.471228,4,fit,Both
207,-48.252926,-3.9136298,2,arms,Tao
208,-7.68535,39.61366,0,said,Both
209,-47.845413,-4.467248,2,arm,Tao
210,-46.895252,1.2991924,2,ear,Buddhist
211,19.99203,-8.296016,1,sensual,Buddhist
212,3.8795204,-20.727776,9,indulgence,Tao
213,-1.5513182,25.826645,0,concentrated,Buddhist
214,-33.480602,5.9876423,2,sword,Tao
215,-9.871233,15.752732,4,standing,Both
216,-7.7708654,35.762325,0,learned,Tao
217,15.676551,-28.670378,7,craving,Both
218,-8.761298,-17.71664,8,control,Tao
219,30.476,-5.374992,4,shine,Tao
220,-0.31848216,-25.467735,9,safety,Tao
221,-3.2311237,51.1125,8,form,Both
222,25.153051,23.197626,4,withdraw,Tao
223,0.7798043,10.956905,5,either,Both
224,-46.301197,-3.1146874,2,neck,Buddhist
225,1.5819299,27.428535,0,appointed,Tao
226,17.792248,-26.310001,7,dread,Tao
227,-20.761189,18.202482,1,plain,Tao
228,13.868949,-9.508335,1,profitable,Tao
229,-32.294846,-5.6381254,2,forest,Buddhist
230,5.285719,11.775912,5,means,Both
231,2.5247736,-13.364937,9,brightness,Tao
232,5.170831,25.082033,5,happy,Buddhist
233,-15.483597,-28.32888,9,wills,Tao
234,-33.883785,17.100117,6,twelve,Buddhist
235,16.942453,-30.125097,7,hunger,Buddhist
236,-36.328285,17.19658,6,two,Both
237,-7.425964,-19.601646,4,change,Both
238,-1.5091466,19.876024,4,follow,Both
239,0.46684813,28.687574,0,accomplished,Tao
240,2.005355,37.467854,0,brought,Both
241,-1.6070298,33.330437,0,produced,Tao
242,-17.175066,19.786213,4,alert,Buddhist
243,13.528231,-7.572575,1,ardent,Buddhist
244,3.8527122,25.88286,0,delighted,Buddhist
245,-37.071617,0.022446796,2,wood,Tao
246,13.29721,17.171907,5,might,Both
247,-7.940728,9.0168495,6,apart,Both
248,3.049311,6.4223623,5,externally,Buddhist
249,-37.631676,-12.227419,2,wall,Buddhist
250,-17.499454,-33.47997,8,sounds,Buddhist
251,23.443216,-3.991857,1,strong,Both
252,-10.173239,-12.115518,8,proper,Tao
253,-22.657612,-11.54739,8,aspects,Tao
254,10.675923,-27.983662,9,passion,Buddhist
255,-9.379978,16.889666,6,walking,Buddhist
256,-0.9327013,-1.4329194,3,birth,Both
257,2.3209805,16.330345,8,thinking,Tao
258,13.383047,34.52343,4,become,Both
259,-34.57241,-4.3135386,2,fruit,Both
260,-6.9027734,4.9546986,6,close,Both
261,-14.6564045,11.919815,6,long,Both
262,0.68631417,28.567434,0,experienced,Buddhist
263,-2.606424,13.220578,6,leaving,Buddhist
264,13.444088,-5.1353292,1,flattering,Tao
265,10.084452,8.50488,5,similarly,Both
266,19.13007,-19.06852,7,death,Both
267,0.37281168,-15.058954,7,discrimination,Tao
268,-14.254208,7.7041435,5,contrary,Tao
269,-34.71622,-0.61247516,2,thorns,Tao
270,25.527391,32.747063,4,goes,Tao
271,13.011517,15.524697,5,seem,Tao
272,8.303278,-17.611843,7,restlessness,Buddhist
273,-19.772936,4.5678854,3,mine,Buddhist
274,5.708178,30.175858,0,reborn,Buddhist
275,4.7483087,30.137173,0,awakened,Buddhist
276,17.744953,16.710897,5,going,Both
277,-35.614697,5.6228204,2,veil,Tao
278,2.8325665,-6.985355,9,fermentations,Buddhist
279,-3.8461113,34.36214,0,written,Tao
280,-3.1730218,16.97884,4,offering,Tao
281,-6.09436,24.706663,0,increased,Tao
282,6.7906647,11.848951,5,actually,Both
283,-23.928356,9.813661,8,mind,Both
284,11.556853,-5.098393,1,positive,Tao
285,-5.733122,-13.495894,8,principle,Tao
286,-10.258533,-15.673217,8,training,Buddhist
287,34.392876,17.189806,4,break,Both
288,-11.1636095,7.984818,6,beyond,Tao
289,-0.19573188,-5.94115,0,dhammadinna,Buddhist
290,-1.0923421,28.090061,0,compared,Tao
291,14.360296,-3.2444057,1,subtle,Both
292,14.303824,26.919924,5,feels,Both
293,10.4072,-2.7677777,1,ordinary,Tao
294,-1.7487671,-8.535834,9,universe,Tao
295,-35.067024,-21.92401,6,time,Both
296,0.3808448,31.753708,0,expressed,Tao
297,-4.8482237,29.105265,0,changed,Tao
298,21.587648,5.3572435,1,skilled,Both
299,10.794061,-14.97155,8,internal,Buddhist
300,-42.457363,-0.93745744,2,teeth,Buddhist
301,1.1947353,9.431368,8,whatever,Both
302,-31.625969,-24.449203,6,next,Both
303,-6.7285566,27.87668,0,abandoned,Both
304,0.5919725,-21.439344,9,sustenance,Buddhist
305,-16.581213,-37.858078,8,rules,Tao
306,32.332153,20.57346,4,turn,Both
307,-5.590348,-25.978203,8,verbal,Buddhist
308,-33.620438,3.4327922,2,rod,Buddhist
309,-1.7942636,41.341866,0,done,Both
310,-19.700426,-0.36257955,3,traveller,Tao
311,20.90949,-20.267,7,disease,Both
312,0.89896584,35.467354,0,sought,Tao
313,15.764959,41.84724,0,arisen,Buddhist
314,6.9479585,-31.803837,9,fame,Tao
315,11.489876,39.85015,4,lead,Both
316,3.6049116,-19.061504,9,intellectual,Buddhist
317,5.1209297,40.391426,0,left,Both
318,-16.415665,24.607069,8,fabrications,Buddhist
319,18.778757,-1.6132942,1,quiet,Tao
320,15.787494,49.817284,9,jhana,Buddhist
321,9.769256,3.552101,5,possible,Both
322,-27.394964,11.673138,2,cast,Both
323,-17.177258,-3.4608173,8,group,Buddhist
324,-10.7134905,-31.391012,3,living,Both
325,15.765817,14.601134,5,shall,Tao
326,26.70033,11.433518,4,conquer,Tao
327,23.929743,35.184254,4,carries,Tao
328,-42.18977,-2.2409718,2,bone,Buddhist
329,10.954414,28.092527,5,cease,Both
330,38.03845,6.886168,9,gains,Tao
331,34.65895,-2.9018638,2,flame,Buddhist
332,-16.951254,-21.181585,9,senses,Buddhist
333,14.457863,-28.05713,7,longing,Tao
334,-0.4812153,16.491299,5,seeing,Both
335,0.2562676,-16.872976,8,gravity,Tao
336,11.615552,-19.549261,7,ignorance,Buddhist
337,-9.216849,23.786509,0,belonging,Buddhist
338,-46.405983,1.6457132,2,ears,Tao
339,-1.0393112,-9.543633,8,existence,Tao
340,-3.8500385,6.558351,5,wrong,Both
341,-21.885376,-7.096959,8,classes,Buddhist
342,-4.0419574,-6.3926234,8,directions,Both
343,24.336657,-19.780916,7,evil,Both
344,6.7660804,-12.618041,9,obscurity,Tao
345,16.860538,-18.966722,7,grieves,Buddhist
346,1.2302326,39.17325,0,taken,Tao
347,19.75805,35.84617,4,dwells,Both
348,-14.400661,-29.882242,8,forces,Tao
349,-4.815803,-21.510138,8,fault,Tao
350,-11.463931,-21.29736,8,favour,Tao
351,12.813974,4.1619587,5,hard,Tao
352,28.004862,7.049677,7,suffer,Tao
353,12.963661,34.77583,0,became,Tao
354,-47.017822,2.6526017,2,eye,Buddhist
355,24.878733,33.669373,4,comes,Both
356,12.076036,0.9959237,1,vital,Tao
357,-0.78779423,39.50622,0,worn,Tao
358,-8.059442,-12.345708,9,union,Tao
359,10.79305,16.027946,5,never,Both
360,20.339108,-26.381193,7,sadness,Buddhist
361,-14.089558,-28.880194,9,powers,Tao
362,5.1472993,10.607354,5,therefore,Both
363,23.521389,32.360615,4,reaches,Both
364,-5.86344,-3.0604317,4,contact,Buddhist
365,12.267092,-9.839833,1,unskillful,Buddhist
366,34.76593,14.703349,4,strike,Tao
367,-5.3917503,-18.653152,8,factor,Buddhist
368,-18.93714,-28.908321,8,act,Both
369,-7.3395715,-7.3554416,8,relation,Tao
370,15.311398,-21.648983,7,disgrace,Tao
371,23.751991,29.328127,4,returns,Tao
372,7.0616612,5.4726605,5,soon,Both
373,-1.1067834,-14.072099,8,expectation,Tao
374,-25.260727,-13.3562355,8,ideas,Both
375,-4.98919,14.645158,4,putting,Buddhist
376,-21.136156,-14.229514,8,terms,Buddhist
377,-22.843683,-16.12155,6,upon,Tao
378,-12.462096,1.6849138,2,circle,Buddhist
379,16.348526,-27.643435,7,feeling,Both
380,-6.3251657,-23.475845,9,care,Tao
381,-12.153275,19.07605,7,fading,Buddhist
382,7.8180985,9.315487,5,totally,Buddhist
383,-0.93735075,-19.065834,2,fetters,Buddhist
384,-18.02893,-10.373453,8,views,Both
385,29.190903,20.119879,4,come,Both
386,-22.477203,-7.9332595,8,instruments,Tao
387,-44.782234,-1.1705074,2,tongue,Buddhist
388,-8.687343,9.939467,6,away,Both
389,-5.9485693,-5.417932,8,result,Both
390,-3.5076628,-18.583294,7,trouble,Tao
391,-23.11187,1.34103,3,female,Tao
392,4.8328114,-22.49988,9,righteousness,Tao
393,-34.38842,7.733635,2,bow,Tao
394,23.651913,21.059263,4,use,Tao
395,21.99971,35.36282,4,develops,Buddhist
396,22.466303,12.237237,4,express,Tao
397,-16.226215,-17.474197,8,idea,Tao
398,-7.97676,-27.484959,9,human,Both
399,-11.255633,7.3135185,6,within,Both
400,25.333864,-0.33476716,1,large,Both
401,-27.390364,4.3998113,3,rulers,Tao
402,-10.370402,-16.731049,8,exercise,Both
403,-15.538305,-6.0485115,8,aggregate,Buddhist
404,1.8065535,25.507967,0,praised,Tao
405,-28.255701,-27.436909,6,entire,Buddhist
406,25.063871,13.343068,4,unite,Tao
407,13.5913315,20.347475,5,want,Both
408,21.511475,22.401766,4,attain,Tao
409,-25.781685,-12.100518,8,things,Both
410,-7.679535,-21.995974,8,deal,Tao
411,-11.488952,0.8650556,6,line,Both
412,15.5273075,-6.533772,1,admirable,Both
413,3.769485,20.967962,5,afraid,Tao
414,11.990231,-23.782625,7,sight,Tao
415,25.860113,10.405867,4,overcome,Buddhist
416,19.112026,10.020547,5,offend,Tao
417,4.5299377,-36.552635,7,waste,Tao
418,9.428616,6.041358,5,greatly,Tao
419,4.6124153,-5.452343,9,attainment,Both
420,20.556581,13.882515,4,reveal,Buddhist
421,19.92534,14.111554,4,show,Tao
422,-38.90048,-22.270426,6,age,Both
423,-31.422743,-7.699829,3,rivers,Tao
424,-2.3557997,40.466427,0,used,Tao
425,10.470355,40.17557,0,led,Buddhist
426,31.59325,23.535866,4,take,Tao
427,29.171318,-19.957653,7,hurt,Tao
428,26.696514,-6.3081126,1,cold,Both
429,-10.15144,-5.50901,8,source,Tao
430,-30.225069,4.7953925,2,chariot,Both
431,22.483633,36.036175,4,possesses,Tao
432,-2.3117874,24.948954,0,scattered,Buddhist
433,9.805731,12.8339815,5,always,Both
434,13.896059,17.644964,5,could,Both
435,14.077916,19.873022,5,need,Both
436,8.631423,-22.342428,2,heart,Buddhist
437,14.068708,1.1340328,1,best,Tao
438,-7.7839403,4.9913254,6,near,Both
439,-8.908083,17.63353,3,wandering,Buddhist
440,-11.245077,-14.612014,9,teaching,Tao
441,-7.0262284,-14.267393,8,basis,Tao
442,25.052433,35.934017,4,holds,Tao
443,-18.757088,-12.878804,3,former,Tao
444,-15.406466,25.580416,0,fabricated,Buddhist
445,-7.5506973,1.3321354,6,opening,Both
446,-23.321615,14.755463,6,mark,Tao
447,4.656301,13.470422,5,though,Tao
448,10.814321,-20.816158,9,truth,Both
449,-15.066245,-9.113836,8,image,Tao
450,-48.325676,-2.5386746,2,hand,Both
451,1.8859196,-15.802308,8,perception,Both
452,-33.95364,-2.2335467,2,tree,Both
453,6.1692567,14.00562,5,suppose,Buddhist
454,-22.677996,-10.004597,8,elements,Buddhist
455,-26.980059,-2.1993659,3,souls,Tao
456,-3.853974,27.672997,0,divided,Both
457,-0.7832627,-39.1684,1,highest,Tao
458,16.46688,12.637409,9,thy,Tao
459,12.54348,-12.909716,1,constant,Tao
460,-17.973068,2.4953399,3,host,Tao
461,-2.1702619,0.20309883,6,culmination,Buddhist
462,24.072073,31.921936,4,enters,Both
463,14.165786,-21.275621,7,reproach,Tao
464,-0.5266371,-23.011024,9,blessing,Tao
465,-9.97373,-7.1070833,8,portion,Tao
466,-16.663254,-9.922872,8,view,Both
467,5.3333273,3.0699618,5,sufficient,Tao
468,2.774437,-27.476645,9,beauty,Tao
469,-13.749656,7.761043,8,opposite,Tao
470,9.927861,-5.676354,1,intelligent,Tao
471,-12.722687,-8.8140335,8,material,Tao
472,16.234362,-19.458868,7,mourning,Tao
473,-41.46518,-0.9064631,2,hairs,Buddhist
474,8.862205,-6.4656844,1,active,Tao
475,-23.926495,-10.581909,8,parts,Both
476,17.846405,30.12683,8,whose,Both
477,31.921032,-9.555908,2,moon,Buddhist
478,3.6183476,-24.661293,9,gentleness,Tao
479,13.282115,49.251987,9,tao,Tao
480,30.386534,25.42598,4,give,Both
481,32.73295,17.284946,4,walk,Tao
482,24.392368,38.720036,4,sees,Both
483,-23.598976,-5.4824095,3,trains,Buddhist
484,-22.62765,-1.504247,3,colleagues,Buddhist
485,16.436499,-4.5977545,1,precious,Tao
486,-11.479455,-11.357732,1,free,Both
487,-31.130323,-0.53383225,3,cow,Buddhist
488,-6.1877103,-27.959063,9,bodily,Both
489,-7.0267587,12.373986,6,coming,Both
490,2.7246969,-18.43791,9,knowledge,Both
491,2.3089883,34.13787,0,touched,Buddhist
492,-21.062101,-10.761422,9,essences,Tao
493,-6.7301645,9.178675,6,aside,Buddhist
494,-24.774437,-2.2436764,3,people,Both
495,3.4529107,17.649534,5,saying,Tao
496,7.071748,28.187366,0,cleansed,Tao
497,-23.082945,-9.245599,8,spheres,Both
498,6.0308332,-28.188763,9,perfection,Tao
499,36.048965,12.277392,7,war,Tao
500,-7.0458665,-6.0661263,8,concerning,Buddhist
501,17.25781,40.89153,4,arises,Both
502,-15.915933,25.92059,4,fabricate,Buddhist
503,30.595808,31.473364,4,makes,Both
504,-3.6492805,38.44767,0,seen,Both
505,20.311743,-22.996883,7,poverty,Tao
506,-22.601213,-12.796733,8,cases,Both
507,18.160427,-7.6038656,1,heavenly,Tao
508,17.08972,41.05898,0,arising,Both
509,19.791176,25.503124,4,possess,Tao
510,21.236551,-25.20318,7,pain,Both
511,-10.209812,-19.379543,8,speech,Both
512,-19.590494,5.9668984,1,dear,Tao
513,4.04591,16.146297,5,knowing,Buddhist
514,0.49014968,-6.3993974,3,allpervading,Tao
515,34.653126,-4.2900653,7,heat,Both
516,-35.04443,-22.921589,6,month,Buddhist
517,-31.947788,-20.45846,6,early,Tao
518,33.931187,15.753758,4,escape,Tao
519,0.7800997,42.880013,0,gave,Tao
520,-1.8664289,-27.143171,8,degree,Tao
521,29.382309,2.4313018,7,weary,Tao
522,-15.420386,-23.63208,9,delights,Tao
523,4.878373,14.656313,5,there,Buddhist
524,-4.0079694,3.3068707,6,end,Both
525,-19.07293,-19.78815,8,questions,Tao
526,26.43327,-0.81162095,1,wide,Tao
527,-1.1393474,-36.974968,9,greater,Tao
528,-2.3508143,-22.46269,5,promises,Tao
529,-2.7418826,35.412548,0,called,Both
530,-20.973099,-2.6370392,3,faculty,Buddhist
531,-12.532364,-15.248207,8,lesson,Tao
532,0.24396488,-6.681192,9,selfawakening,Buddhist
533,-5.738727,-0.54907143,4,present,Both
534,-1.8995081,-39.681442,1,higher,Buddhist
535,-10.86166,-2.9097593,8,setting,Buddhist
536,-4.2017136,11.659155,0,kept,Tao
537,-12.60607,-5.1993084,8,space,Both
538,-9.489039,7.5900054,2,beneath,Tao
539,-2.3325,-13.149106,8,consideration,Tao
540,-9.45255,4.667896,6,south,Buddhist
541,4.616552,-11.553147,6,journey,Tao
542,3.890317,-25.252981,9,humility,Tao
543,30.881231,-27.873808,1,FALSE,Both
544,-9.923004,28.066143,2,dead,Buddhist
545,-35.981422,3.0635252,2,cloth,Both
546,5.7684655,7.4865007,5,gradually,Tao
547,-1.6849492,-10.825389,9,presence,Both
548,17.283403,-4.9022655,1,wonderful,Tao
549,29.370132,23.856634,4,add,Tao
550,15.620395,-22.381184,7,shame,Tao
551,-13.475152,-28.580416,9,power,Tao
552,20.75262,-26.640352,7,sorrow,Both
553,3.0571964,6.482855,5,internally,Buddhist
554,-4.445222,14.898566,4,getting,Both
555,19.105139,-13.200997,7,grievous,Tao
556,0.32032353,34.531452,0,pursued,Buddhist
557,-23.995068,5.166802,3,son,Tao
558,4.482684,-24.319838,9,kindness,Tao
559,-13.308223,-7.2132845,8,object,Both
560,-8.970869,7.565092,6,behind,Tao
561,-14.19731,0.22737086,2,mirror,Buddhist
562,24.661377,37.532207,4,finds,Tao
563,-7.293803,31.07426,0,departed,Tao
564,-14.794262,-14.392361,6,point,Both
565,20.976206,37.63299,4,discerns,Buddhist
566,3.063268,32.70752,0,tasted,Buddhist
567,-0.29604527,28.316967,0,distinguished,Tao
568,4.818077,8.036681,5,constantly,Tao
569,-25.3149,20.552786,1,old,Both
570,14.653677,-19.676085,9,remembrance,Buddhist
571,17.037863,24.277336,4,aim,Tao
572,23.306143,-22.341805,7,danger,Tao
573,3.272145,-29.928387,9,sake,Both
574,3.0143836,14.168954,5,consider,Tao
575,-0.16005364,-36.521034,9,utmost,Tao
576,3.9790976,2.6434777,4,spare,Tao
577,13.737108,-9.649733,1,unprofitable,Buddhist
578,-11.168503,-15.551896,8,practise,Tao
579,-3.3548603,17.087976,4,obtaining,Both
580,-31.854874,5.6541567,2,crown,Buddhist
581,-36.80457,-2.6175995,2,gravel,Buddhist
582,10.621427,50.106396,3,sage,Tao
583,-34.386997,-4.5016575,2,fruits,Buddhist
584,13.853081,-12.922895,1,endless,Tao
585,25.13662,-0.29285678,1,small,Both
586,-17.579025,-38.79994,8,law,Tao
587,-13.9593725,-12.549598,8,answer,Tao
588,13.479765,31.213743,0,appears,Tao
589,14.26949,-3.3651543,1,blatant,Buddhist
590,0.54353684,-28.117071,9,mastery,Tao
591,-27.37338,-13.620136,8,ways,Tao
592,0.97513443,11.747287,5,without,Both
593,22.776762,-4.907473,1,sharp,Tao
594,-11.316499,4.5166607,6,middle,Both
595,6.2447276,-12.336927,9,wilderness,Buddhist
596,-14.73046,-2.5792868,3,home,Tao
597,-5.7604804,-10.765068,8,foundation,Tao
598,23.69233,13.91281,9,exalt,Tao
599,4.626407,13.0729,5,however,Both
600,10.730235,7.5237947,5,alike,Tao
601,-13.871318,-21.122799,9,art,Tao
602,25.952589,9.95691,7,overcoming,Buddhist
603,-32.72079,-19.024542,6,spring,Tao
604,-15.020807,-15.894508,8,matter,Both
605,18.597443,-7.827902,1,sublime,Buddhist
606,-19.86564,-16.335508,8,regard,Buddhist
607,12.535421,17.934504,5,may,Both
608,34.71227,-8.801443,2,dew,Tao
609,-13.892179,-0.19585784,2,window,Both
610,-9.530736,10.316603,6,back,Both
611,4.86137,3.2324612,5,enough,Tao
612,6.376935,30.639517,0,born,Buddhist
613,-0.040032275,-28.325481,9,skill,Tao
614,-11.685702,29.321636,7,die,Tao
615,-13.785834,-20.636162,9,music,Tao
616,-34.72145,-2.7223618,2,grass,Tao
617,-21.751715,-24.628952,8,name,Both
618,-12.737011,-18.253119,8,task,Buddhist
619,6.873883,-7.5551796,1,formless,Both
620,-31.654228,14.609302,5,many,Tao
621,-10.050287,10.458246,6,forth,Both
622,-35.2281,17.61372,6,five,Both
623,18.722527,-0.72404414,1,silent,Buddhist
624,-6.559161,3.0268784,4,shut,Tao
625,19.137295,-2.1516654,1,calm,Both
626,-5.127633,35.626534,0,spoken,Tao
627,-6.0456953,6.563547,6,straight,Tao
628,-35.889664,18.30961,6,ten,Tao
629,25.049614,-15.5689745,9,growth,Both
630,-18.856688,-28.574804,8,acts,Both
631,-29.751787,-23.729933,6,second,Both
632,8.831788,15.81251,5,anyone,Buddhist
633,8.130491,-9.573214,1,unchanging,Tao
634,-1.3966537,-19.661453,8,precepts,Buddhist
635,10.532916,16.12893,5,ever,Tao
636,21.064932,27.44812,4,grow,Both
637,-2.0366318,29.811905,0,established,Buddhist
638,16.511915,4.0549965,1,wise,Tao
639,-29.42001,-21.149698,6,previous,Both
640,29.843271,-6.85676,2,light,Both
641,-48.53382,-2.562818,2,hands,Tao
642,5.5407386,36.175655,0,raised,Tao
643,26.204557,-6.947825,1,dark,Tao
644,38.46934,17.654106,6,step,Tao
645,14.126504,34.307434,4,becomes,Both
646,-26.699343,-3.75583,3,spirits,Tao
647,-8.115541,-15.912984,8,order,Both
648,-18.443823,-26.929632,8,actions,Buddhist
649,10.4901495,-5.362513,1,sensitive,Buddhist
650,31.86471,25.29635,4,get,Both
651,-24.491796,-1.9176906,3,others,Both
652,22.893816,-8.192575,1,fiery,Buddhist
653,-6.1094146,27.8198,0,withdrawn,Buddhist
654,21.753504,0.29880026,1,richer,Tao
655,16.44458,32.91129,0,remains,Both
656,-2.1217093,-15.041835,8,circumstances,Tao
657,28.91004,-11.617647,9,heaven,Tao
658,29.575592,-11.349445,2,earth,Both
659,-19.391579,-7.6853933,8,multitude,Tao
660,-2.951746,33.234978,0,followed,Buddhist
661,-28.058493,7.732173,3,god,Tao
662,-4.1201963,-11.438824,8,evaluation,Buddhist
663,-3.4099936,-24.759626,9,nature,Both
664,-7.9593987,-3.068655,4,display,Tao
665,36.135437,-7.5293384,2,wind,Both
666,4.9117885,9.917711,5,furthermore,Buddhist
667,3.4937446,35.251335,0,filled,Both
668,-9.593112,-10.054496,8,service,Tao
669,15.215963,17.955263,5,able,Both
670,-31.831493,-7.8346667,2,waters,Buddhist
671,-46.71274,-2.888377,2,head,Both
672,22.766968,-31.424269,7,weep,Tao
673,-26.592968,-23.906305,6,least,Tao
674,-5.2703385,-26.95414,9,physical,Both
675,28.44759,-18.153753,7,cause,Both
676,25.593344,22.460714,4,remove,Tao
677,-19.815956,-16.140898,8,regards,Both
678,8.845436,-5.405839,1,independent,Buddhist
679,-17.772419,-21.119307,9,sensations,Buddhist
680,12.161393,13.447968,5,also,Both
681,-2.7717414,1.428124,6,beginning,Tao
682,6.2341948,20.270494,5,yea,Tao
683,23.852755,-3.9142108,1,solid,Both
684,25.433077,20.764845,4,fix,Tao
685,14.129993,26.689163,5,feel,Both
686,27.770767,21.835566,4,bind,Buddhist
687,31.757742,19.470692,4,pass,Tao
688,-7.9196954,14.111886,6,passing,Both
689,23.146044,-24.710482,7,fear,Tao
690,-28.351254,-23.275707,6,single,Tao
691,12.314472,-2.8626003,1,strange,Tao
692,-38.305046,-22.266752,6,ages,Buddhist
693,8.908232,21.139736,5,say,Both
694,1.2328635,-24.64297,9,strength,Both
695,16.62851,41.442844,4,arise,Both
696,23.62167,0.8477162,1,little,Tao
697,-11.579254,-2.1790292,6,place,Both
698,-2.5689344,-41.499706,1,low,Both
699,-0.99604774,5.35214,6,throughout,Tao
700,5.8357005,18.081005,5,doubt,Buddhist
701,15.850744,32.651325,4,remain,Both
702,-3.2845824,-24.805288,1,natural,Tao
703,14.134928,9.294776,1,less,Tao
704,22.958591,35.539474,4,produces,Tao
705,21.3286,23.35626,4,obtain,Tao
706,19.556032,22.272259,4,pursue,Both
707,-32.38441,-3.5674946,3,plants,Tao
708,-1.7563479,-16.859173,8,punishments,Buddhist
709,-18.335138,-7.551871,8,number,Buddhist
710,-2.262245,-7.872583,8,world,Both
711,-28.72872,-23.432878,6,another,Both
712,-22.138803,5.6239014,3,unborn,Buddhist
713,18.256893,-3.053274,1,calming,Buddhist
714,8.370595,-4.4394608,1,superior,Tao
715,-7.449643,6.9147563,6,toward,Buddhist
716,19.90321,-27.384724,7,tears,Buddhist
717,-4.579109,20.856947,8,rahula,Buddhist
718,8.543205,9.115758,5,fully,Buddhist
719,-19.362679,-0.04094722,3,companion,Buddhist
720,-36.50734,2.5222702,2,brass,Buddhist
721,0.14593183,7.336102,5,everywhere,Tao
722,8.779874,-25.240194,9,peace,Both
723,37.103527,-7.383899,2,hail,Tao
724,7.426672,-15.005091,9,stillness,Tao
725,0.45804518,36.592377,0,offered,Buddhist
726,13.34413,21.05215,5,dare,Tao
727,18.574457,30.659317,4,bears,Tao
728,14.336661,18.374163,5,must,Tao
729,3.223719,41.132072,0,went,Buddhist
730,4.1922946,-31.748116,9,honour,Tao
731,33.191357,-9.194223,2,sun,Buddhist
732,1.0950528,-11.543785,9,realization,Buddhist
733,-1.7214674,37.430325,0,found,Tao
734,-22.244312,-17.784988,8,owing,Both
735,26.27425,14.765622,4,purify,Buddhist
736,25.194883,16.51236,4,develop,Buddhist
737,-5.7357945,-9.563021,8,development,Both
738,-8.138152,40.260635,0,says,Both
739,28.43125,19.179173,4,meet,Tao
740,-4.146014,-20.77541,8,error,Tao
741,8.898936,-10.265855,9,abiding,Buddhist
742,17.418465,33.332752,0,belongs,Tao
743,-3.079339,2.0908759,6,ending,Buddhist
744,12.855522,51.25967,3,brahmans,Buddhist
745,-20.182436,1.1503451,3,teacher,Buddhist
746,25.92996,25.220373,4,enter,Both
747,31.730358,21.619705,4,draw,Tao
748,-32.213264,-23.531273,6,last,Both
749,34.989677,19.644373,4,cut,Both
750,-22.191387,3.7029052,3,mother,Both
751,20.363024,-19.417618,7,injury,Tao
752,-3.4541383,15.282361,4,giving,Tao
753,2.1774306,10.242926,5,anything,Both
754,27.706404,29.281517,4,fill,Both
755,23.759087,34.001114,4,shines,Tao
756,2.6758015,-7.0806093,9,fermentation,Buddhist
757,12.092659,9.204416,5,quite,Buddhist
758,11.723107,-2.0479486,1,obscure,Tao
759,-6.341796,-32.7138,6,height,Tao
760,1.5765013,-31.191086,9,merit,Both
761,12.744957,52.157356,3,monks,Buddhist
762,15.731397,-15.292532,9,inner,Tao
763,23.189701,38.60251,4,learns,Tao
764,3.5889795,27.03024,0,satisfied,Tao
765,15.433084,1.872039,1,fair,Buddhist
766,-28.557995,6.199796,3,king,Tao
767,0.68877643,30.0459,0,acknowledged,Tao
768,0.22634993,-7.604734,8,selfaffliction,Buddhist
769,-17.305773,-5.8447785,8,states,Tao
770,9.175868,20.58085,5,know,Both
771,-23.553024,-1.9857731,3,children,Tao
772,-11.823763,15.775297,2,lying,Buddhist
773,17.057695,-15.203535,2,nave,Tao
774,-2.9499302,-9.778014,8,character,Tao
775,-23.999413,9.651362,8,minds,Tao
776,-42.05444,-1.4795163,2,bones,Both
777,7.777647,11.021347,5,clearly,Buddhist
778,7.1043944,28.173515,0,purified,Buddhist
779,-2.9069893,-4.1652303,4,support,Buddhist
780,-33.589256,7.5593524,2,arrow,Buddhist
781,-3.0763345,29.35648,0,maintained,Buddhist
782,-9.979059,-18.07618,8,movement,Tao
783,18.437284,-20.60237,7,suffering,Buddhist
784,-6.175502,37.87624,0,heard,Both
785,-46.026535,-6.283574,2,foot,Both
786,-35.059948,-23.135277,6,year,Buddhist
787,10.66676,-28.204779,9,ambition,Tao
788,-36.24784,17.947536,6,six,Both
789,3.7363312,-17.797306,9,discernment,Buddhist
790,1.220093,30.49692,0,comprehended,Both
791,-25.971613,-18.268475,5,thereby,Tao
792,3.0969572,10.501035,5,nothing,Both
793,-12.733272,19.51734,4,fade,Buddhist
794,35.945774,26.273651,4,rise,Tao
795,-13.494381,1.4866095,2,shadow,Tao
796,-3.7646036,-2.2035887,4,release,Buddhist
797,12.147729,-30.43104,9,desires,Tao
798,30.702942,20.618904,4,pour,Buddhist
799,1.2004216,7.5633316,5,alone,Both
800,6.2792172,43.90901,4,lay,Both
801,3.0207272,-28.522955,9,purity,Both
802,11.009771,9.625663,5,rather,Tao
803,21.475367,4.6685357,1,skilful,Tao
804,12.382153,-35.79452,7,toil,Tao
805,-20.85706,-3.0224116,9,faculties,Buddhist
806,2.1526332,9.234295,5,everything,Tao
807,-31.981571,-4.0426917,2,trees,Tao
808,3.314833,-11.498227,9,liberation,Buddhist
809,6.2789974,33.352455,0,gained,Buddhist
810,2.5517435,-14.7996235,9,conviction,Buddhist
811,25.143297,18.749527,4,stand,Both
812,22.00872,-9.653061,1,bitter,Buddhist
813,-4.8728538,-12.704096,8,reasoning,Buddhist
814,-9.2466345,-4.897245,8,direct,Both
815,23.805687,-10.236437,1,wild,Tao
816,1.2295635,-20.761683,9,nutriment,Buddhist
817,13.285348,49.96073,3,buddha,Buddhist
818,4.984872,8.040613,5,continually,Tao
819,21.142626,-26.482752,7,grief,Tao
820,13.897633,10.345509,6,far,Both
821,-12.936297,-26.057016,9,flow,Both
822,23.847414,-20.300667,3,enemy,Tao
823,-46.042187,-6.2218323,2,feet,Buddhist
824,15.256579,-33.087708,9,love,Tao
825,-6.6375065,15.462718,4,holding,Buddhist
826,22.480951,24.66112,4,offer,Buddhist
827,-15.074422,-9.605351,8,picture,Buddhist
828,6.7796445,-30.863817,9,glory,Tao
829,-3.4011636,-2.917144,4,purchase,Tao
830,-30.589344,-23.31091,6,first,Both
831,-8.702243,27.224495,0,broken,Tao
832,2.7479632,38.665443,0,passed,Tao
833,-21.463907,3.7486842,3,sister,Buddhist
834,-3.8629723,-1.5333201,2,press,Buddhist
835,-1.1786692,7.1595907,6,together,Both
836,1.8465637,-19.201834,9,superabundance,Tao
837,35.42614,-8.037005,2,rain,Tao
838,-7.790307,35.725574,0,taught,Buddhist
839,-10.513793,-8.594904,8,system,Tao
840,-11.04999,-32.523735,3,lives,Both
841,-11.526682,-6.163252,2,stream,Tao
842,6.9878883,44.521282,4,sit,Buddhist
843,6.3213906,20.050613,5,yes,Both
844,-33.715694,-4.4179573,2,seeds,Buddhist
845,-17.710249,-1.7850852,3,family,Tao
846,-2.7102008,27.140034,0,rooted,Buddhist
847,21.94309,-2.2519686,1,poor,Tao
848,-1.4238887,-17.622665,7,hindrances,Buddhist
849,-46.325737,2.1138258,2,eyes,Tao
850,-1.2354031,-22.312605,9,sacrifices,Tao
851,-2.2857485,8.796603,6,directly,Buddhist
852,-5.797541,-2.6204433,4,touch,Both
853,33.57701,19.081518,4,run,Buddhist
854,-8.50567,19.468811,5,astray,Tao
855,-29.750206,-27.075201,6,this,Buddhist
856,-22.098183,-18.165379,6,due,Buddhist
857,-36.47602,-22.798176,6,days,Buddhist
858,-22.320118,1.4925044,3,person,Both
859,28.586596,3.901663,5,ill,Both
860,1.6391679,43.011604,0,got,Tao
861,-23.807932,1.721881,3,woman,Buddhist
862,8.799882,25.320982,5,firmly,Tao
863,12.80825,52.635513,3,monk,Buddhist
864,21.931166,17.230024,4,speak,Both
865,-30.770947,5.863571,2,throne,Tao
866,-0.11801296,-10.754107,9,manifestation,Tao
867,30.902119,30.9364,4,make,Both
868,9.651079,11.262643,5,truly,Both
869,-17.478931,-33.47279,8,sound,Tao
870,0.6150678,1.9870994,8,separate,Buddhist
871,7.377395,-22.709688,9,faith,Tao
872,-15.936486,-13.979408,8,course,Both
873,-10.831002,22.759401,6,among,Both
874,-4.7856565,-4.2142324,8,search,Buddhist
875,21.180565,31.851295,7,dies,Tao
876,3.1106434,16.563616,5,thought,Both
877,6.855898,-27.798256,9,greatness,Tao
878,9.9178295,-2.6066585,1,different,Tao
879,-16.377316,-15.713539,8,case,Both
880,-31.58011,2.771742,2,wheel,Tao
881,8.941952,-20.475723,9,essence,Tao
882,31.667473,13.541756,4,stay,Buddhist
883,-2.9301631,32.511513,0,accompanied,Buddhist
884,21.613716,3.2414947,1,swift,Tao
885,-10.764469,0.3994187,8,path,Buddhist
886,22.74566,-8.056385,1,fierce,Tao
887,-5.119034,14.759171,4,taking,Both
888,19.969503,-24.63258,7,misery,Tao
889,16.893076,5.721595,1,vain,Tao
890,9.383299,14.609397,5,yet,Both
891,27.468855,38.74899,4,tries,Both
892,-8.835035,-7.235619,8,account,Tao
893,10.911316,14.622736,5,none,Buddhist
894,-9.146405,-36.850513,1,kind,Both
895,-2.8463616,22.066105,4,flourish,Buddhist
896,9.520059,-17.343988,9,awakening,Buddhist
897,-17.74874,-13.936105,6,latter,Tao
898,-3.1418562,-20.25646,7,weakness,Tao
899,21.10715,12.854988,4,reflect,Buddhist
900,-3.552595,-28.68166,9,sense,Both
901,-34.590755,16.794127,6,three,Both
902,-32.94765,-2.288002,2,flower,Tao
903,10.545097,8.251819,1,equally,Tao
904,30.9091,-7.8647437,2,ray,Buddhist
905,-23.641195,-21.234592,5,depends,Tao
906,-11.372839,2.3942964,6,round,Both
907,-7.083085,21.292736,1,crooked,Tao
908,-32.67695,16.589918,6,thousand,Tao
909,9.578438,-0.37467542,1,hidden,Tao
910,-4.49495,6.467779,6,right,Both
911,4.431279,-18.443043,9,intellect,Buddhist
912,18.152628,18.639677,4,continue,Both
913,-11.707414,4.3377476,6,corner,Tao
914,21.293072,-31.999548,7,laugh,Tao
915,12.85484,20.180197,5,wish,Both
916,16.385443,4.955021,1,unwise,Tao
917,-0.9992798,-30.952961,8,value,Tao
918,-10.554175,-32.41547,9,life,Both
919,-5.1613393,30.720842,0,consumed,Both
920,1.1713195,18.247248,4,look,Tao
921,-15.156811,7.1864834,6,according,Tao
922,-15.045812,-8.399353,2,colour,Tao
923,21.846684,-0.1613354,1,rich,Tao
924,13.743867,-12.89844,1,ceaseless,Tao
925,0.8065587,-9.831528,7,disappearance,Buddhist
926,3.5751598,24.833424,0,blessed,Buddhist
927,-3.2095714,29.131498,0,preserved,Tao
928,-49.46965,-2.1357903,2,reins,Buddhist
929,11.554338,-6.8180737,1,ignorant,Tao
930,-9.321976,-20.946985,2,weight,Tao
931,28.693666,25.4238,4,send,Tao
932,13.580573,17.395199,5,would,Both
933,14.258872,-1.4497129,1,simple,Tao
934,-40.801655,-4.123305,2,flesh,Buddhist
935,15.4374275,-6.9202685,1,honourable,Tao
936,-6.033359,26.12447,0,renewed,Buddhist
937,-37.268345,-0.94913524,2,stone,Tao
938,-4.124084,17.104515,4,producing,Buddhist
939,4.970637,-27.736856,9,simplicity,Tao
940,-4.04195,-6.407165,8,direction,Tao
941,-37.272617,-6.1601543,2,water,Both
942,-22.17869,-2.6647718,3,ministers,Tao
943,-23.547934,-7.355214,2,weapons,Tao
944,16.099329,19.240719,5,fail,Tao
945,0.5365209,37.7929,0,given,Both
946,7.9285984,-0.4278181,1,invisible,Tao
947,-2.1745214,-36.10998,4,increase,Both
948,-16.443876,-12.518436,6,occasion,Both
949,1.9841803,-29.574852,9,virtue,Tao
950,26.512867,-1.6634252,1,deep,Tao
951,5.231494,32.73942,0,attained,Both
952,7.2640495,-20.459345,9,self,Both
953,-0.42894217,29.602257,0,considered,Tao
954,7.5842037,14.280394,5,meant,Tao
955,9.052536,33.543594,4,lose,Tao
956,3.1937582,21.92267,0,feared,Tao
957,28.585588,14.007303,8,conduct,Tao
958,28.54016,14.248673,4,perform,Buddhist
959,21.273342,30.216627,2,flies,Both
960,18.539598,19.445095,4,strive,Tao
961,30.506227,22.8795,4,hold,Tao
962,7.4942946,-33.153374,9,riches,Tao
963,-26.442001,-6.7307124,2,bodies,Buddhist
964,-21.405067,-24.710634,8,word,Tao
965,10.236258,-17.83145,7,rapture,Buddhist
966,25.00449,15.183311,4,preserve,Tao
967,4.231176,38.469883,0,held,Tao
968,25.247076,-15.272901,4,growing,Buddhist
969,-13.524793,11.703193,6,longer,Tao
970,13.292205,4.316058,1,easy,Tao
971,1.770096,-17.009892,9,concentration,Buddhist
972,-32.953148,2.7327476,2,lamp,Buddhist
973,-10.107463,6.76158,6,around,Both
974,-27.750711,-26.572,6,part,Both
975,-36.324677,-12.755155,2,gates,Tao
976,7.22235,17.911901,5,mean,Tao
977,-4.7348237,36.446995,0,known,Both
978,-6.7117295,-19.37974,8,effect,Tao
979,11.995389,-35.561123,3,labours,Tao
980,-23.6448,-21.221016,5,depend,Tao
981,-2.763341,-35.400394,7,decline,Buddhist
982,-2.5972793,-31.007965,9,taste,Tao
983,2.8769062,-17.94599,9,intelligence,Tao
984,-8.10479,-1.3977467,8,results,Both
985,-42.456696,-7.247432,2,bosom,Tao
986,27.958841,7.2065187,4,endure,Tao
987,-2.1369162,-39.936245,1,lower,Tao
988,9.446407,-12.257616,9,enduring,Tao
989,30.341854,21.79015,4,carry,Tao
990,-9.462787,21.626204,4,leading,Both
991,7.3227267,8.849778,5,completely,Buddhist
992,21.706324,16.136301,4,declare,Buddhist
993,16.630629,21.551527,4,find,Tao
994,28.178392,17.885593,4,serve,Tao
995,-10.273313,6.628058,6,outside,Both
996,-3.6942375,22.543837,1,clingable,Buddhist
997,18.702326,-21.63793,7,calamity,Tao
998,3.337688,27.956701,0,fulfilled,Both
999,1.9096869,-8.835313,9,possession,Tao
1000,-23.322039,14.760064,6,marks,Tao
1001,21.448622,-10.867828,1,hateful,Tao
1002,35.523304,17.359612,4,blow,Tao
1003,18.514996,-11.201087,1,stressful,Buddhist
1004,13.333054,-26.213749,9,pleasure,Buddhist
1005,2.1269884,40.48753,0,gone,Buddhist
1006,7.4826603,-33.37596,9,wealth,Tao
1007,-10.559424,15.829503,0,sitting,Buddhist
1008,0.32233027,-21.643995,9,livelihood,Buddhist
1009,-13.772885,4.6272793,2,sides,Buddhist
1010,3.365089,-10.062651,9,unbinding,Buddhist
1011,16.513496,13.6650915,5,doth,Tao
1012,-26.33458,0.18229344,3,men,Tao
1013,24.784601,26.808132,4,return,Both
1014,-37.525074,-7.066612,2,drink,Buddhist
1015,3.9225328,-0.95559716,1,fivefactored,Buddhist
1016,-5.396355,0.108017355,8,witness,Buddhist
1017,21.141172,-5.896078,1,bright,Both
1018,33.52701,16.641336,4,drive,Buddhist
1019,7.0151467,-19.037706,9,oneself,Buddhist
1020,-6.310778,-12.983919,8,doctrine,Buddhist
1021,-12.526368,-8.892202,8,content,Tao
1022,-22.144066,-1.9742157,3,companions,Buddhist
1023,-6.9307885,-4.1562405,8,reference,Buddhist
1024,-3.5618045,-16.424892,7,concern,Buddhist
1025,-13.68876,26.282755,0,fashioned,Tao
1026,16.69634,-9.14032,9,holy,Buddhist
1027,-27.646542,-4.544098,3,beasts,Tao
1028,6.386708,-17.279167,9,dispassion,Buddhist
1029,23.479055,30.265234,4,passes,Tao
1030,1.3942134,-12.719452,8,reflection,Buddhist
1031,0.0017848788,-38.69774,1,greatest,Tao
1032,-35.50024,3.2952287,2,garment,Tao
1033,1.6914549,31.0418,0,discerned,Buddhist
1034,9.729125,14.836092,5,even,Both
1035,2.02012,37.3944,0,carried,Tao
1036,-6.8897753,-1.2466162,6,following,Both
1037,-39.516113,4.4740424,2,blue,Buddhist
1038,-4.8850293,12.157598,4,keeps,Both
1039,-11.803342,-23.812319,6,waking,Buddhist
1040,23.127548,24.356834,4,receive,Tao
1041,-2.0113587,33.887444,0,released,Buddhist
1042,17.37289,-6.999659,1,mighty,Tao
1043,2.5663936,1.0170639,4,secure,Tao
1044,-17.66358,9.881464,8,claim,Both
1045,32.365135,23.536884,4,put,Tao
1046,-34.37778,17.204277,6,seven,Buddhist
1047,5.8373184,43.51079,0,laid,Buddhist
1048,8.421321,19.146746,5,sure,Tao
1049,-31.133785,-15.147891,5,worth,Tao
1050,-19.677608,12.373172,6,eightfold,Buddhist
1051,4.125202,25.64074,5,pleased,Tao
1052,-12.185001,-3.464128,8,building,Buddhist
1053,2.564511,-16.358109,9,awareness,Buddhist
1054,2.625953,-10.988215,9,purification,Buddhist
1055,21.13999,35.680073,4,overcomes,Tao
1056,3.2338786,-25.767162,9,wisdom,Tao
1057,-7.1161456,-9.778175,3,government,Tao
1058,-43.061157,-3.6545362,2,fat,Buddhist
1059,-38.657955,-5.9571724,2,ice,Tao
1060,15.956467,-15.253846,2,outer,Both
1061,0.30623916,36.68238,0,received,Tao
1062,-7.6553354,-5.593949,8,certain,Buddhist
1063,21.750862,10.584608,4,manifest,Tao
1064,26.57721,35.490295,4,puts,Tao
1065,-31.54308,-26.305893,6,half,Buddhist
1066,-7.803281,-16.82559,8,ability,Tao
1067,11.157943,-24.10567,9,vision,Buddhist
1068,-11.702508,-27.180094,9,energy,Tao
1069,-29.988438,-28.121986,6,the,Both
1070,5.533466,-23.78407,9,goodness,Tao
1071,-43.85869,-2.8289294,2,belly,Tao
1072,-11.252434,18.235622,4,falling,Buddhist
1073,-3.5418737,-11.589017,8,observation,Tao
1074,-37.438194,-4.643505,2,oil,Buddhist
1075,-19.305958,-21.411695,9,memories,Buddhist
1076,3.6279085,-15.686575,9,consciousness,Buddhist
1077,12.171443,-11.173434,1,unsustained,Buddhist
1078,-22.436394,3.8843668,3,father,Buddhist
1079,-24.769495,1.6185068,3,man,Both
1080,-1.1861422,31.235012,0,conceived,Tao
1081,-1.7095042,-16.026798,8,consequences,Buddhist
1082,-0.95297307,33.527416,0,performed,Buddhist
1083,-5.9028444,-19.306114,8,extent,Buddhist
1084,6.2968154,-25.098581,9,fulness,Tao
1085,4.1278605,-22.490477,9,obedience,Tao
1086,-3.4567862,32.08238,0,directed,Both
1087,19.06581,2.4974492,8,void,Tao
1088,-14.2379465,-2.5859456,3,house,Buddhist
1089,-16.951773,0.48708817,2,guard,Tao
1090,11.55482,-15.457483,9,inward,Buddhist
1091,-3.885655,33.59824,0,repeated,Both
1092,-9.045435,-13.814708,8,activity,Both
1093,3.0779831,36.312187,0,entered,Buddhist
1094,-9.889099,-24.252857,2,breath,Both
1095,21.0581,19.366728,4,learn,Tao
1096,-8.227539,28.942684,0,killed,Both
1097,3.636128,23.515041,0,loved,Both
1098,22.508509,-2.8554754,1,weak,Tao
1099,-20.448181,3.754738,3,friend,Buddhist
1100,3.489136,-34.13843,9,profit,Tao
1101,16.925167,-1.1331358,1,cool,Buddhist
1102,24.588715,-3.0368743,1,firm,Both
1103,16.956049,17.201214,5,ready,Both
1104,35.154884,13.726595,7,battle,Tao
1105,16.791224,-30.201324,7,thirst,Buddhist
1106,7.360408,16.243937,5,like,Both
1107,-1.5494558,-37.744717,1,equal,Tao
1108,34.737362,-18.463606,2,roots,Both
1109,19.336882,-25.637484,7,despair,Buddhist
1110,-11.787139,-17.458143,8,effort,Both
1111,-31.352625,-1.1733799,2,bird,Tao
1112,28.45334,-21.115294,7,ruin,Tao
1113,12.10844,-29.525337,9,desire,Both
1114,16.322676,-8.309895,1,noble,Buddhist
1115,-24.314407,4.5403633,3,sons,Tao
1116,12.281969,-3.1539514,1,mysterious,Tao
1117,15.082077,-25.668594,7,rejoice,Tao
1118,5.948121,-9.911159,9,mystery,Tao
1119,18.706928,16.80539,4,stop,Both
1120,9.234242,16.995964,5,else,Buddhist
1121,11.369326,12.908178,5,seems,Tao
1122,-7.70746,-7.0366945,8,subject,Both
1123,22.42747,-6.324666,1,bold,Tao
1124,-35.524357,-13.318717,2,door,Tao
1125,6.2142663,-15.546326,9,mindfulness,Buddhist
1126,-3.6515884,-17.836227,7,difficulty,Tao
1127,-16.383934,24.6916,8,fabrication,Buddhist
1128,-5.3364797,-27.28231,9,mental,Buddhist
1129,-36.5713,14.043313,6,one,Both
1130,35.19155,13.563513,4,fight,Tao
1131,9.423113,12.338734,5,really,Tao
1132,6.471388,-16.217484,9,equanimity,Buddhist
1133,13.97949,4.4892087,1,fast,Tao
1134,24.927763,15.181594,4,strengthen,Tao
1135,-6.93035,-11.407683,8,general,Tao
1136,-0.5668013,11.890185,6,instead,Tao
1137,-27.754478,-3.4885018,3,beings,Buddhist
1138,6.6138215,10.536551,5,rightly,Both
1139,-25.339039,20.537617,1,new,Tao
1140,13.566217,-26.056543,7,delight,Both
1141,0.8204724,17.332727,4,looking,Both
1142,-10.753518,32.377213,4,govern,Tao
1143,-25.347496,-16.68832,5,whereby,Tao
1144,-44.786373,-1.2383134,2,throat,Tao
1145,15.001602,21.38504,4,try,Tao
1146,-18.448174,-1.6487277,3,household,Buddhist
1147,-21.287325,-9.354186,8,attributes,Tao
1148,8.034358,2.0646794,1,clear,Both
1149,-38.077316,3.0514076,2,gold,Tao
1150,-3.2487347,37.97615,0,shown,Tao
1151,21.932646,-17.750368,7,aging,Buddhist
1152,-36.236897,-8.264636,2,air,Tao
1153,-37.224518,-12.396458,2,walls,Tao
1154,30.878813,-27.874714,1,TRUE,Tao
1155,18.431969,33.10563,4,stands,Both
1156,-20.429537,-23.729383,8,words,Both
1157,-17.33239,15.548017,8,therein,Tao
1158,-4.839033,-16.95316,8,difference,Tao
1159,-28.097523,4.2009325,3,princes,Tao
1160,8.795726,33.580517,0,lost,Tao
1161,10.736895,50.74033,3,sages,Tao
1162,-0.68823564,-3.510808,3,kingdom,Tao
1163,-20.472494,-4.880919,3,masters,Tao
1164,-24.149132,-17.785294,5,hence,Tao
1165,21.685389,16.030293,4,proclaim,Buddhist
1166,-18.71643,-26.18319,8,deeds,Tao
1167,-32.942013,16.677452,6,hundred,Tao
1168,19.05665,-11.7724285,1,painful,Buddhist
1169,-33.67883,-20.746918,6,night,Buddhist
1170,0.18485864,2.5081346,6,remaining,Both
1171,19.790731,-4.6437035,1,sweet,Both
1172,4.726243,-23.05955,9,benevolence,Tao
1173,-14.720756,-10.810051,8,figure,Tao
1174,4.5932508,-17.276312,9,conscience,Buddhist
1175,-35.29917,17.208395,6,four,Both
1176,-0.8300572,25.452997,0,focused,Buddhist
1177,9.89313,-7.8102245,1,mindful,Buddhist
1178,7.3729386,-26.301918,9,freedom,Both
1179,-11.469712,-18.211117,8,action,Both
1180,-4.663123,12.896696,4,keeping,Tao
1181,13.8520975,-24.807964,7,behold,Tao
1182,23.772331,10.290777,4,grasp,Tao
1183,-9.445722,4.6818976,6,north,Buddhist
1184,-19.53627,-8.609928,8,various,Buddhist
1185,-21.021336,-23.298025,8,names,Tao
1186,-4.533915,16.22373,4,making,Both
1187,-45.24146,-8.437545,2,bed,Buddhist
1188,-7.3490305,39.131172,0,told,Tao
1189,1.2471956,33.328053,0,covered,Buddhist
1190,10.913222,3.5073082,5,difficult,Tao
1191,18.405352,21.710096,4,seek,Tao
1192,-30.233582,-11.418566,4,mount,Buddhist
1193,-36.93956,-22.478792,6,years,Both
1194,-12.721787,15.7664385,5,lie,Buddhist
1195,10.19184,-7.6056833,1,conscious,Buddhist
1196,26.357471,38.50125,4,uses,Tao
1197,30.558098,21.835451,4,bring,Both
1198,2.4949698,-9.595006,9,relinquishment,Buddhist
1199,-11.281572,-14.423541,9,learning,Tao
1200,22.669256,17.929789,4,call,Both
1201,-35.39847,-24.410938,6,hour,Buddhist
1202,4.7889743,16.529713,5,realize,Buddhist
1203,7.986743,-26.736492,9,happiness,Tao
1204,25.870426,-7.2362657,1,dull,Tao
1205,11.844277,39.745705,4,leads,Both
1206,-29.255106,5.0958734,3,prince,Tao
1207,6.236376,-15.106471,9,meditation,Buddhist
1208,-0.9621856,32.101624,0,described,Tao
1209,-15.827649,-23.75331,9,treasures,Tao
1210,13.418874,-7.153678,1,sincere,Tao
1211,1.5055586,-26.498957,9,diversity,Buddhist
1212,-27.865524,-7.3630676,2,vessel,Tao
1213,0.39169753,20.175089,5,abound,Tao
1214,10.7660055,-14.985025,8,external,Both
1215,21.121069,19.32139,4,teach,Both
1216,10.361566,3.6448631,5,impossible,Both
1217,-23.0297,-3.6793554,3,thieves,Tao
1218,-28.305902,6.9962907,3,lord,Both
1219,12.865907,30.496,5,appear,Tao
1220,6.344216,13.032608,5,indeed,Tao
1221,2.9592927,-2.532214,2,sprinkling,Buddhist
1222,-3.2364519,51.107933,8,forms,Both
1223,-33.857147,-8.039336,2,sea,Tao
1224,28.838844,-20.27221,7,harm,Tao
1225,15.19834,-19.968105,7,lamentation,Buddhist
1226,-7.4856153,16.294582,4,clinging,Buddhist
1227,-20.238714,-4.9066143,3,master,Tao
1228,-27.695793,-13.906348,6,way,Both
1229,7.709178,-1.7522522,1,unclean,Buddhist
1230,-16.696953,-24.283873,9,gifts,Tao
1231,0.409675,9.579977,5,whenever,Buddhist
1232,-29.460138,-26.16946,6,every,Tao
1233,-37.72616,-2.4461517,2,ground,Both
1234,-3.4700572,-9.248711,8,dimension,Buddhist
1235,-3.5184426,30.276983,0,governed,Tao
1236,8.964443,-12.525036,9,fleeting,Tao
1237,-0.6114277,-12.687782,8,phenomena,Buddhist
1238,-23.031399,-1.3044473,3,friends,Buddhist
1239,-0.85438,-5.6812944,3,sariputta,Buddhist
1240,-20.465612,-0.1148603,3,disciple,Buddhist
1241,-6.3804145,-32.712494,6,length,Tao
1242,35.153923,24.700886,4,raise,Tao
1243,4.2352834,-26.59511,9,dignity,Tao
1244,21.620914,-14.003031,1,pure,Both
1245,4.650303,-5.1725183,9,attaining,Tao
1246,17.32164,-4.998189,1,beautiful,Tao
1247,-5.920976,24.65253,0,diminished,Tao
1248,-9.776114,-23.973646,4,breathe,Buddhist
1249,-0.53106624,-12.432325,8,phenomenon,Buddhist
1250,7.421411,6.4410915,5,quickly,Buddhist
1251,6.21029,-9.565522,8,secret,Tao
1252,-4.1162043,-13.715739,8,prerequisite,Buddhist
1253,7.052259,38.98805,0,made,Both
1254,10.662551,21.732502,5,see,Both
1255,19.6385,22.483835,4,seeking,Tao
1256,27.005442,30.657398,4,fills,Both
1257,16.077965,1.2661707,1,fine,Both
1258,9.765589,22.415825,5,hear,Tao
1259,22.837635,-32.03027,7,cry,Tao
1260,-4.755411,-14.935512,8,necessity,Tao
1261,-26.619806,-10.192681,3,ones,Both
1262,0.2064244,16.086557,4,watching,Buddhist
1263,21.067709,37.54561,4,perceives,Buddhist
1264,33.677315,21.274645,4,set,Both
1265,3.0710745,-20.023695,9,personal,Tao
1266,-34.152653,-18.950197,6,till,Tao
1267,23.504545,28.85506,3,travels,Tao
1268,-5.5834084,-8.069153,8,future,Buddhist
1269,-7.987514,-9.8233185,8,business,Tao
1270,-39.822662,4.8062797,2,red,Buddhist
1271,21.501223,33.236633,4,grows,Buddhist
1272,12.248806,-31.163513,5,needs,Tao
1273,12.623826,7.3875947,5,well,Both
1274,-8.441429,-11.421192,8,state,Tao
1275,-6.0952315,-9.274641,8,production,Both
1276,-2.0476434,30.918629,0,developed,Buddhist
1277,-0.47821352,29.996874,0,regarded,Tao
1278,-18.891659,-20.615662,8,thoughts,Buddhist
